storm_id,year,serial,name,basin,start_time,end_time,n_obs,max_wind,min_pressure,peak_grade
1982-001,1982,1,,BOB,1982-05-01 03:00:00,1982-05-05 03:00:00,20,115.0,,VSCS
1982-002,1982,2,,BOB,1982-05-31 12:00:00,1982-06-05 03:00:00,25,90.0,952.0,VSCS
1982-003,1982,3,,BOB,1982-07-18 03:00:00,1982-07-20 00:00:00,8,30.0,,DD
1982-004,1982,4,,BOB,1982-08-12 03:00:00,1982-08-12 18:00:00,3,25.0,,D
1982-005,1982,5,,BOB,1982-08-18 03:00:00,1982-08-19 12:00:00,4,25.0,,D
1982-006,1982,6,,BOB,1982-08-27 03:00:00,1982-09-02 12:00:00,14,25.0,,D
1982-007,1982,7,,BOB,1982-09-09 03:00:00,1982-09-10 03:00:00,3,25.0,,D
1982-008,1982,8,,BOB,1982-09-29 00:00:00,1982-09-29 03:00:00,2,30.0,,DD
1982-009,1982,9,,BOB,1982-10-15 03:00:00,1982-10-16 18:00:00,7,55.0,,SCS
1982-010,1982,10,,BOB,1982-10-16 12:00:00,1982-10-21 12:00:00,15,55.0,982.0,SCS
1982-011,1982,11,,BOB,1982-11-28 03:00:00,1982-11-29 03:00:00,3,30.0,,DD
1982-012,1982,12,,BOB,1982-12-02 12:00:00,1982-12-04 00:00:00,4,25.0,,
1982-013,1982,13,,ARB,1982-07-15 03:00:00,1982-07-16 03:00:00,3,25.0,,D
1982-014,1982,14,,ARB,1982-10-01 03:00:00,1982-10-02 03:00:00,3,30.0,,DD
1982-015,1982,15,,ARB,1982-11-04 12:00:00,1982-11-09 12:00:00,14,90.0,962.0,ESCS
1982-016,1982,16,,ARB,1982-11-28 12:00:00,1982-11-29 06:00:00,3,30.0,,DD
1982-017,1982,17,,LAND,1982-06-17 03:00:00,1982-06-18 03:00:00,3,25.0,,D
1982-018,1982,18,,LAND,1982-08-02 03:00:00,1982-08-04 03:00:00,5,25.0,,D
1982-019,1982,19,,LAND,1982-08-25 03:00:00,1982-08-25 03:00:00,1,25.0,,D
1983-001,1983,1,,ARB,1983-06-20 03:00:00,1983-06-22 12:00:00,6,25.0,,D
1983-002,1983,2,,BOB,1983-06-24 03:00:00,1983-06-27 12:00:00,10,30.0,,DD
1983-003,1983,3,,LAND,1983-08-04 00:00:00,1983-08-10 18:00:00,22,30.0,,DD
1983-004,1983,4,,LAND,1983-09-09 00:00:00,1983-09-10 12:00:00,9,25.0,,D
1983-005,1983,5,HERBERT,BOB,1983-10-14 03:00:00,1983-10-15 12:00:00,4,55.0,,CS
1983-006,1983,6,,BOB,1983-11-06 03:00:00,1983-11-09 03:00:00,7,90.0,,SCS
1983-007,1983,7,,LAND,1983-12-21 12:00:00,1983-12-22 12:00:00,3,25.0,,D
1984-001,1984,1,,ARB,1984-06-05 12:00:00,1984-06-06 12:00:00,3,25.0,,D
1984-002,1984,2,,BOB,1984-07-31 03:00:00,1984-08-07 18:00:00,18,25.0,,D
1984-003,1984,3,,BOB,1984-08-15 00:00:00,1984-08-19 12:00:00,11,25.0,,D
1984-004,1984,4,,BOB,1984-10-13 00:00:00,1984-10-15 12:00:00,7,65.0,,SCS
1984-005,1984,5,,BOB,1984-11-09 12:00:00,1984-11-14 12:00:00,14,115.0,,SCS
1984-006,1984,6,,BOB,1984-11-27 12:00:00,1984-12-02 03:00:00,11,115.0,,SCS
1984-007,1984,7,,ARB,1984-12-04 00:00:00,1984-12-05 12:00:00,6,30.0,,DD
1985-001,1985,1,,BOB,1985-05-21 21:00:00,1985-05-25 18:00:00,14,65.0,,VSCS
1985-002,1985,2,,ARB,1985-05-28 03:00:00,1985-05-30 12:00:00,6,45.0,,CS
1985-003,1985,3,,BOB,1985-08-01 03:00:00,1985-08-02 00:00:00,4,25.0,,D
1985-004,1985,4,,BOB,1985-08-06 03:00:00,1985-08-09 03:00:00,8,25.0,,D
1985-005,1985,5,,BOB,1985-08-14 03:00:00,1985-08-15 00:00:00,4,25.0,,D
1985-006,1985,6,,BOB,1985-09-19 03:00:00,1985-09-21 12:00:00,11,45.0,,CS
1985-007,1985,7,,BOB,1985-10-01 03:00:00,1985-10-02 03:00:00,3,25.0,,D
1985-008,1985,8,,ARB,1985-10-06 03:00:00,1985-10-09 03:00:00,7,25.0,,D
1985-009,1985,9,,BOB,1985-10-09 03:00:00,1985-10-13 12:00:00,9,45.0,,CS
1985-010,1985,10,,BOB,1985-10-13 12:00:00,1985-10-17 03:00:00,8,45.0,,SCS
1985-011,1985,11,,BOB,1985-11-12 03:00:00,1985-11-12 12:00:00,2,25.0,,D
1985-012,1985,12,,BOB,1985-11-15 03:00:00,1985-11-17 12:00:00,6,35.0,,CS
1985-013,1985,13,,BOB,1985-12-11 12:00:00,1985-12-14 03:00:00,6,35.0,,CS
1985-014,1985,14,,LAND,1985-08-05 03:00:00,1985-08-06 03:00:00,3,25.0,,D
1985-015,1985,15,,LAND,1985-09-23 03:00:00,1985-09-24 12:00:00,4,25.0,,D
1986-001,1986,1,,BOB,1986-01-07 12:00:00,1986-01-08 12:00:00,3,30.0,,DD
1986-002,1986,2,,LAND,1986-07-22 03:00:00,1986-07-23 03:00:00,3,25.0,,D
1986-003,1986,3,,LAND,1986-08-08 03:00:00,1986-08-10 12:00:00,7,,,D
1986-004,1986,4,,BOB,1986-08-10 12:00:00,1986-08-14 12:00:00,9,30.0,,DD
1986-005,1986,5,,BOB,1986-08-19 03:00:00,1986-08-20 12:00:00,4,25.0,,D
1986-006,1986,6,,BOB,1986-09-24 03:00:00,1986-09-26 12:00:00,5,25.0,,D
1986-007,1986,7,,BOB,1986-11-07 03:00:00,1986-11-09 12:00:00,6,45.0,,CS
1986-008,1986,8,,ARB,1986-11-09 03:00:00,1986-11-10 12:00:00,4,30.0,,DD
1987-001,1987,1,,BOB,1987-01-30 03:00:00,1987-02-04 12:00:00,21,75.0,970.0,VSCS
1987-002,1987,2,,BOB,1987-06-01 03:00:00,1987-06-05 06:00:00,13,45.0,980.0,CS
1987-003,1987,3,,BOB,1987-08-26 03:00:00,1987-08-29 12:00:00,8,25.0,990.0,D
1987-004,1987,4,,BOB,1987-09-11 12:00:00,1987-09-12 12:00:00,3,25.0,993.0,D
1987-005,1987,5,,BOB,1987-09-15 03:00:00,1987-09-16 12:00:00,4,25.0,997.0,D
1987-006,1987,6,,BOB,1987-10-14 03:00:00,1987-10-19 12:00:00,13,45.0,994.0,CS
1987-007,1987,7,,BOB,1987-10-31 03:00:00,1987-11-03 12:00:00,17,55.0,984.0,SCS
1987-008,1987,8,,BOB,1987-11-11 06:00:00,1987-11-13 06:00:00,11,55.0,990.0,SCS
1987-009,1987,9,,BOB,1987-12-19 12:00:00,1987-12-22 18:00:00,16,30.0,,DD
1988-001,1988,1,,BOB,1988-06-08 12:00:00,1988-06-10 03:00:00,4,30.0,,DD
1988-002,1988,2,,ARB,1988-06-09 03:00:00,1989-06-12 12:00:00,9,30.0,,DD
1988-003,1988,3,,BOB,1988-07-17 03:00:00,1988-07-18 12:00:00,4,25.0,,D
1988-004,1988,4,,BOB,1988-08-02 00:00:00,1988-08-06 03:00:00,10,30.0,,DD
1988-005,1988,5,,BOB,1988-10-01 03:00:00,1988-10-03 03:00:00,5,30.0,,DD
1988-006,1988,6,,BOB,1988-10-18 18:00:00,1988-10-20 03:00:00,4,55.0,,CS
1988-007,1988,7,,BOB,1988-11-15 03:00:00,1988-11-18 12:00:00,8,110.0,,SCS
1988-008,1988,8,,BOB,1988-11-23 12:00:00,1988-11-30 00:00:00,14,115.0,,SCS
1988-009,1988,9,,BOB,1988-12-06 12:00:00,1988-12-08 12:00:00,5,30.0,,DD
1989-001,1989,1,,BOB,1989-05-23 03:00:00,1989-05-27 12:00:00,9,115.0,,SCS
1989-002,1989,2,,ARB,1989-06-09 03:00:00,1989-06-12 12:00:00,8,30.0,,DD
1989-003,1989,3,,BOB,1989-06-12 03:00:00,1989-06-14 12:00:00,6,30.0,,DD
1989-004,1989,4,,BOB,1989-06-20 03:00:00,1989-06-20 03:00:00,1,25.0,,D
1989-005,1989,5,,BOB,1989-07-21 12:00:00,1989-07-25 12:00:00,9,45.0,,CS
1989-006,1989,6,,BOB,1989-08-16 03:00:00,1989-08-17 12:00:00,4,30.0,,DD
1989-007,1989,7,,BOB,1989-10-17 03:00:00,1989-10-18 03:00:00,3,25.0,,D
1989-008,1989,8,,BOB,1989-11-01 03:00:00,1989-11-09 03:00:00,12,115.0,,SCS
1989-009,1989,9,,BOB,1989-11-11 03:00:00,1989-11-11 03:00:00,1,25.0,,D
1989-010,1989,10,,BOB,1989-11-16 12:00:00,1989-11-20 03:00:00,8,30.0,,DD
1990-001,1990,1,,BOB,1990-05-04 06:00:00,1990-05-10 12:00:00,26,127.0,920.0,SuCS
1990-002,1990,2,,BOB,1990-06-13 12:00:00,1990-06-15 06:00:00,8,33.0,990.0,DD
1990-003,1990,3,,BOB,1990-08-14 12:00:00,1990-08-17 00:00:00,11,27.0,993.0,D
1990-004,1990,4,,BOB,1990-08-20 06:00:00,1990-08-24 12:00:00,18,27.0,986.0,D
1990-005,1990,5,,BOB,1990-09-03 06:00:00,1990-09-04 18:00:00,7,27.0,995.0,D
1990-006,1990,6,,BOB,1990-10-06 18:00:00,1990-10-08 12:00:00,8,33.0,998.0,DD
1990-007,1990,7,,BOB,1990-10-31 12:00:00,1990-11-04 06:00:00,16,33.0,1001.0,DD
1990-008,1990,8,,BOB,1990-11-14 00:00:00,1990-11-14 18:00:00,4,27.0,1008.0,D
1990-009,1990,1,,ARB,1990-11-16 06:00:00,1990-11-18 00:00:00,8,33.0,1007.0,DD
1990-010,1990,9,,BOB,1990-12-14 12:00:00,1990-12-18 12:00:00,17,55.0,,SCS
1991-001,1991,1,,BOB,1991-04-24 12:00:00,1991-04-30 00:00:00,23,127.0,918.0,SuCS
1991-002,1991,2,,BOB,1991-05-31 06:00:00,1991-06-02 06:00:00,9,45.0,990.0,CS
1991-003,1991,3,,BOB,1991-07-27 06:00:00,1991-07-31 18:00:00,19,30.0,984.0,DD
1991-004,1991,4,,BOB,1991-08-22 00:00:00,1991-08-26 00:00:00,17,25.0,992.0,D
1991-005,1991,5,,BOB,1991-09-21 06:00:00,1991-09-22 06:00:00,5,25.0,1000.0,D
1991-006,1991,6,,BOB,1991-10-12 12:00:00,1991-10-14 00:00:00,7,25.0,998.0,D
1991-007,1991,7,,BOB,1991-10-28 06:00:00,1991-10-30 06:00:00,9,25.0,998.0,D
1991-008,1991,8,,BOB,1991-11-11 12:00:00,1991-11-15 12:00:00,17,45.0,998.0,CS
1992-001,1992,1,,BOB,1992-05-16 06:00:00,1992-05-19 12:00:00,14,35.0,992.0,CS
1992-002,1992,1,,ARB,1992-06-08 12:00:00,1992-06-12 12:00:00,17,45.0,994.0,CS
1992-003,1992,2,,BOB,1992-06-17 00:00:00,1992-06-20 12:00:00,15,30.0,980.0,DD
1992-004,1992,3,,BOB,1992-07-26 00:00:00,1992-07-30 12:00:00,19,30.0,984.0,DD
1992-005,1992,2,,ARB,1992-10-01 00:00:00,1992-10-03 12:00:00,11,45.0,996.0,CS
1992-006,1992,4,,BOB,1992-07-10 00:00:00,1992-09-10 06:00:00,10,30.0,998.0,DD
1992-007,1992,5,,BOB,1992-10-20 12:00:00,1992-10-22 00:00:00,7,35.0,996.0,CS
1992-008,1992,6,,BOB,1992-11-03 06:00:00,1992-11-07 00:00:00,16,45.0,996.0,CS
1992-009,1992,7,,BOB,1992-11-11 06:00:00,1992-11-17 06:00:00,25,55.0,994.0,SCS
1992-010,1992,8,,BOB,1992-11-16 06:00:00,1992-11-21 12:00:00,22,102.0,952.0,ESCS
1992-011,1992,3,,ARB,1992-01-12 00:00:00,1992-02-12 00:00:00,5,25.0,,D
1992-012,1992,4,,ARB,1992-12-21 00:00:00,1992-12-24 12:00:00,15,30.0,1002.0,DD
1993-001,1993,1,,ARB,1993-11-12 03:00:00,1993-11-15 18:00:00,19,65.0,986.0,VSCS
1993-002,1993,2,,ARB,1993-11-08 03:00:00,1993-11-09 18:00:00,9,25.0,998.0,D
1993-003,1993,1,,BOB,1993-12-01 06:00:00,1993-12-04 12:00:00,17,90.0,968.0,ESCS
1993-004,1993,2,,BOB,1993-12-19 00:00:00,1993-12-20 09:00:00,9,30.0,1006.0,DD
1994-001,1994,1,,BOB,1994-03-21 12:00:00,1994-03-24 06:00:00,12,25.0,,
1994-002,1994,2,,BOB,1994-04-29 00:00:00,1994-05-02 17:00:00,20,115.0,940.0,ESCS
1994-003,1994,1,,ARB,1994-06-05 18:00:00,1994-06-09 06:00:00,19,55.0,980.0,SCS
1994-004,1994,3,,BOB,1994-10-29 03:00:00,1994-10-31 18:00:00,14,60.0,988.0,SCS
1994-005,1994,2,,ARB,1994-11-15 03:00:00,1994-11-20 03:00:00,26,65.0,984.0,VSCS
1995-001,1995,1,,BOB,1995-05-05 21:00:00,1995-05-06 18:00:00,7,30.0,996.0,DD
1995-002,1995,2,,BOB,1995-05-08 09:00:00,1995-05-10 09:00:00,13,30.0,996.0,DD
1995-003,1995,3,,BOB,1995-05-14 18:00:00,1995-05-18 00:00:00,17,30.0,996.0,DD
1995-004,1995,4,,BOB,1995-09-16 03:00:00,1995-09-17 12:00:00,8,25.0,998.0,D
1995-005,1995,5,,BOB,1995-09-26 03:00:00,1995-09-28 03:00:00,11,25.0,1000.0,D
1995-006,1995,6,,ARB,1995-10-12 12:00:00,1995-10-17 12:00:00,26,45.0,996.0,CS
1995-007,1995,7,,BOB,1995-11-07 03:00:00,1995-11-10 09:00:00,18,77.0,978.0,VSCS
1995-008,1995,8,,BOB,1995-11-21 12:00:00,1995-11-25 09:00:00,21,102.0,956.0,ESCS
1996-001,1996,1,,BOB,1996-05-07 03:00:00,1996-05-08 00:00:00,5,30.0,1000.0,DD
1996-002,1996,2,,BOB,1996-06-12 12:00:00,1996-06-16 06:00:00,20,45.0,992.0,CS
1996-003,1996,3,,ARB,1996-06-17 09:00:00,1996-06-20 06:00:00,17,60.0,972.0,SCS
1996-004,1996,4,,LAND,1996-07-26 03:00:00,1996-07-28 03:00:00,5,,,D
1996-005,1996,5,,BOB,1996-10-01 03:00:00,1996-10-02 06:00:00,7,25.0,1000.0,D
1996-006,1996,6,,ARB,1996-10-22 09:00:00,1996-10-27 12:00:00,28,60.0,994.0,SCS
1996-007,1996,7,,BOB,1996-10-27 03:00:00,1996-10-29 00:00:00,10,30.0,998.0,DD
1996-008,1996,8,,BOB,1996-11-04 15:00:00,1996-11-07 06:00:00,18,77.0,988.0,VSCS
1996-009,1996,9,,BOB,1996-11-28 03:00:00,1996-12-06 18:00:00,44,65.0,984.0,VSCS
1997-001,1997,1,,BOB,1997-05-15 06:00:00,1997-05-19 12:00:00,27,90.0,964.0,ESCS
1997-002,1997,2,,BOB,1997-06-26 03:00:00,1997-06-29 18:00:00,19,30.0,985.0,DD
1997-003,1997,3,,BOB,1997-07-29 03:00:00,1997-08-02 06:00:00,21,30.0,1002.0,DD
1997-004,1997,4,,BOB,1997-08-04 06:00:00,1997-08-05 18:00:00,22,30.0,896.0,DD
1997-005,1997,5,,BOB,1997-08-20 03:00:00,1997-08-27 06:00:00,36,30.0,990.0,DD
1997-006,1997,6,,BOB,1997-08-28 03:00:00,1997-08-30 06:00:00,13,25.0,994.0,D
1997-007,1997,7,,BOB,1997-09-23 03:00:00,1997-09-27 12:00:00,27,55.0,984.0,SCS
1997-008,1997,8,,BOB,1997-11-04 03:00:00,1997-11-09 09:00:00,32,35.0,1004.0,CS
1997-009,1997,9,,ARB,1997-11-10 18:00:00,1997-11-13 09:00:00,15,30.0,1005.0,DD
1998-001,1998,1,,BOB,1998-05-17 12:00:00,1998-05-20 12:00:00,16,60.0,972.0,SCS
1998-002,1998,2,,ARB,1998-06-04 06:00:00,1998-06-10 09:00:00,32,90.0,958.0,ESCS
1998-003,1998,3,,BOB,1998-06-13 15:00:00,1998-06-15 03:00:00,9,30.0,992.0,DD
1998-004,1998,4,,ARB,1998-10-06 12:00:00,1998-10-09 12:00:00,16,30.0,998.0,DD
1998-005,1998,5,,ARB,1998-10-11 12:00:00,1998-10-17 03:00:00,30,35.0,994.0,CS
1998-006,1998,6,,BOB,1998-10-13 12:00:00,1998-10-15 00:00:00,8,30.0,998.0,DD
1998-007,1998,7,,BOB,1998-10-26 09:00:00,1998-10-29 09:00:00,17,30.0,1002.0,DD
1998-008,1998,8,,BOB,1998-11-13 12:00:00,1998-11-16 06:00:00,15,77.0,982.0,VSCS
1998-009,1998,9,,BOB,1998-11-19 03:00:00,1998-11-23 03:00:00,22,65.0,984.0,VSCS
1998-010,1998,10,,ARB,1998-12-13 00:00:00,1998-12-17 03:00:00,26,55.0,993.0,SCS
1999-001,1999,1,,BOB,1999-02-01 03:00:00,1999-02-03 18:00:00,13,50.0,998.0,CS
1999-002,1999,2,,ARB,1999-05-16 12:00:00,1999-05-22 12:00:00,42,105.0,946.0,ESCS
1999-003,1999,3,,BOB,1999-06-17 03:00:00,1999-06-18 09:00:00,8,30.0,986.0,DD
1999-004,1999,4,,BOB,1999-07-27 03:00:00,1999-07-29 06:00:00,12,25.0,990.0,DD
1999-005,1999,5,,BOB,1999-08-06 12:00:00,1999-08-09 00:00:00,11,20.0,992.0,D
1999-006,1999,6,,BOB,1999-10-15 03:00:00,1999-10-19 03:00:00,30,90.0,968.0,ESCS
1999-007,1999,7,,BOB,1999-10-25 06:00:00,1999-10-31 03:00:00,40,140.0,912.0,SuCS
1999-008,1999,8,,BOB,1999-12-08 11:30:00,1999-12-10 09:00:00,14,25.0,998.0,D
2000-001,2000,1,,BOB,2000-03-27 12:00:00,2000-03-30 12:00:00,18,45.0,998.0,CS
2000-002,2000,2,,BOB,2000-08-23 03:00:00,2000-08-24 00:00:00,5,25.0,994.0,D
2000-003,2000,3,,BOB,2000-10-15 00:00:00,2000-10-19 06:00:00,25,35.0,996.0,CS
2000-004,2000,4,,BOB,2000-10-25 09:00:00,2000-10-29 00:00:00,20,35.0,998.0,CS
2000-005,2000,5,,BOB,2000-11-26 03:00:00,2000-11-30 06:00:00,30,102.0,958.0,ESCS
2000-006,2000,6,,BOB,2000-12-23 03:00:00,2000-12-29 00:00:00,35,90.0,970.0,ESCS
2001-001,2001,1,,ARB,2001-05-21 12:00:00,2001-05-29 00:00:00,60,115.0,932.0,ESCS
2001-002,2001,2,,BOB,2001-06-12 03:00:00,2001-06-13 12:00:00,5,25.0,990.0,D
2001-003,2001,3,,ARB,2001-09-24 09:00:00,2001-09-27 21:00:00,25,35.0,1000.0,CS
2001-004,2001,4,,ARB,2001-10-08 21:00:00,2001-10-10 09:00:00,13,35.0,998.0,CS
2001-005,2001,5,,BOB,2001-10-14 12:00:00,2001-10-16 18:00:00,16,35.0,998.0,CS
2001-006,2001,6,,BOB,2001-11-11 03:00:00,2001-11-12 00:00:00,5,25.0,1004.0,D
2002-001,2002,1,,ARB,2002-05-06 03:00:00,2002-05-10 06:00:00,26,35.0,994.0,CS
2002-002,2002,2,,BOB,2002-05-11 03:00:00,2002-05-12 03:00:00,6,30.0,1004.0,DD
2002-003,2002,3,,BOB,2002-10-22 09:00:00,2002-10-23 18:00:00,7,25.0,1002.0,D
2002-004,2002,4,,BOB,2002-11-10 03:00:00,2002-11-12 15:00:00,18,55.0,990.0,SCS
2002-005,2002,5,,BOB,2002-11-23 03:00:00,2002-11-28 12:00:00,36,35.0,1000.0,CS
2002-006,2002,6,,BOB,2002-12-21 03:00:00,2002-12-25 15:00:00,27,35.0,1000.0,CS
2003-001,2003,1,,BOB,2003-05-10 03:00:00,2003-05-19 21:00:00,79,75.0,980.0,VSCS
2003-002,2003,2,,BOB,2003-07-25 03:00:00,2003-07-28 03:00:00,7,30.0,988.0,DD
2003-003,2003,3,,BOB,2003-08-27 12:00:00,2003-08-28 12:00:00,3,25.0,996.0,D
2003-004,2003,4,,BOB,2003-10-06 03:00:00,2003-10-09 12:00:00,9,25.0,998.0,D
2003-005,2003,5,,BOB,2003-10-26 12:00:00,2003-10-28 09:00:00,5,30.0,1004.0,DD
2003-006,2003,6,,ARB,2003-11-12 03:00:00,2003-11-15 12:00:00,22,55.0,990.0,SCS
2003-007,2003,7,,BOB,2003-12-11 12:00:00,2003-12-16 12:00:00,28,55.0,990.0,SCS
2004-001,2004,1,,ARB,2004-05-05 03:00:00,2004-05-10 09:00:00,43,55.0,984.0,SCS
2004-002,2004,2,,BOB,2004-05-16 09:00:00,2004-05-19 03:00:00,22,90.0,952.0,ESCS
2004-003,2004,3,,ARB,2004-06-10 03:00:00,2004-06-13 03:00:00,21,30.0,992.0,DD
2004-004,2004,4,,BOB,2004-06-11 03:00:00,2004-06-14 09:00:00,22,30.0,990.0,DD
2004-005,2004,5,,LAND,2004-09-12 03:00:00,2004-09-15 12:00:00,8,25.0,996.0,D
2004-006,2004,6,ONIL,ARB,2004-09-30 09:00:00,2004-10-03 18:00:00,28,55.0,990.0,SCS
2004-007,2004,7,,BOB,2004-10-02 03:00:00,2004-10-04 03:00:00,17,25.0,1002.0,D
2004-008,2004,8,,LAND,2004-10-07 03:00:00,2004-10-08 03:00:00,3,25.0,1004.0,D
2004-009,2004,9,,ARB,2004-11-02 12:00:00,2004-11-07 12:00:00,13,30.0,1004.0,DD
2004-010,2004,10,AGNI,ARB,2004-11-29 03:00:00,2004-12-02 12:00:00,22,55.0,994.0,SCS
2005-001,2005,1,HIBARU,BOB,2005-01-13 12:00:00,2005-01-17 12:00:00,23,35.0,1000.0,CS
2005-002,2005,2,,ARB,2005-06-21 03:00:00,2005-06-22 12:00:00,4,25.0,992.0,D
2005-003,2005,3,,LAND,2005-06-27 12:00:00,2005-07-05 12:00:00,17,25.0,990.0,D
2005-004,2005,4,,BOB,2005-07-29 03:00:00,2005-07-31 12:00:00,6,30.0,988.0,DD
2005-005,2005,5,,BOB,2005-09-12 03:00:00,2005-09-16 12:00:00,10,25.0,992.0,D
2005-006,2005,6,,ARB,2005-09-14 03:00:00,2005-09-16 12:00:00,6,25.0,996.0,D
2005-007,2005,7,PYARR,BOB,2005-09-17 03:00:00,2005-09-21 12:00:00,24,35.0,988.0,CS
2005-008,2005,8,,BOB,2005-10-26 03:00:00,2005-10-29 03:00:00,21,30.0,998.0,DD
2005-009,2005,9,,BOB,2005-11-20 03:00:00,2005-11-22 09:00:00,19,25.0,1002.0,D
2005-010,2005,10,BAAZ,BOB,2005-11-28 03:00:00,2005-12-02 03:00:00,33,45.0,998.0,CS
2005-011,2005,11,FANOOS,BOB,2005-12-06 03:00:00,2005-12-10 12:00:00,35,45.0,998.0,CS
2005-012,2005,12,,BOB,2005-12-15 12:00:00,2005-12-22 00:00:00,53,30.0,1000.0,DD
2006-001,2006,1,,ARB,2006-01-13 12:00:00,2006-01-14 21:00:00,9,30.0,1004.0,DD
2006-002,2006,2,MALA,BOB,2006-04-25 03:00:00,2006-04-29 18:00:00,38,100.0,954.0,ESCS
2006-003,2006,3,,BOB,2006-07-02 00:00:00,2006-07-05 06:00:00,27,30.0,982.0,DD
2006-004,2006,4,,BOB,2006-08-02 03:00:00,2006-08-05 09:00:00,26,30.0,986.0,DD
2006-005,2006,5,,BOB,2006-08-12 03:00:00,2006-08-13 00:00:00,8,25.0,992.0,D
2006-006,2006,6,,BOB,2006-08-16 03:00:00,2006-08-18 09:00:00,19,25.0,988.0,D
2006-007,2006,7,,BOB,2006-08-29 03:00:00,2006-09-01 06:00:00,26,25.0,990.0,D
2006-008,2006,8,,BOB,2006-09-03 03:00:00,2006-09-04 21:00:00,15,25.0,992.0,D
2006-009,2006,9,,LAND,2006-09-21 03:00:00,2006-09-24 00:00:00,24,25.0,996.0,D
2006-010,2006,10,MUKDA,ARB,2006-09-21 03:00:00,2006-09-24 12:00:00,28,55.0,988.0,SCS
2006-011,2006,11,,BOB,2006-09-28 09:00:00,2006-09-30 00:00:00,14,25.0,1002.0,D
2006-012,2006,12,OGNI,BOB,2006-10-29 00:00:00,2006-10-30 09:00:00,12,35.0,998.0,CS
2007-001,2007,1,,BOB,2007-05-03 12:00:00,2007-05-04 21:00:00,12,25.0,998.0,D
2007-002,2007,2,AKASH,BOB,2007-05-13 03:00:00,2007-05-14 21:00:00,15,45.0,988.0,CS
2007-003,2007,3,GONU,ARB,2007-06-01 18:00:00,2007-06-07 03:00:00,43,127.0,920.0,SuCS
2007-004,2007,4,,BOB,2007-06-21 03:00:00,2007-06-23 09:00:00,19,30.0,988.0,DD
2007-005,2007,5,YEMYIN,ARB,2007-06-25 03:00:00,2007-06-26 00:00:00,8,35.0,986.0,CS
2007-006,2007,6,,BOB,2007-06-28 00:00:00,2007-06-30 12:00:00,21,30.0,986.0,DD
2007-007,2007,7,,BOB,2007-05-07 00:00:00,2007-09-07 09:00:00,43,30.0,988.0,DD
2007-008,2007,8,,BOB,2007-05-08 00:00:00,2007-07-08 09:00:00,20,30.0,984.0,DD
2007-009,2007,11,,ARB,2007-01-11 00:00:00,2007-10-31 21:00:00,45,30.0,1000.0,DD
2007-010,2007,9,SIDR,BOB,2007-11-11 09:00:00,2007-12-11 21:00:00,39,115.0,944.0,ESCS
2008-001,2008,1,NARGIS,BOB,2008-01-05 00:00:00,2008-04-30 21:00:00,51,90.0,962.0,ESCS
2008-002,2008,2,,ARB,2008-05-06 00:00:00,2008-06-06 21:00:00,16,25.0,994.0,D
2008-003,2008,3,,BOB,2008-06-16 03:00:00,2008-06-18 03:00:00,7,25.0,988.0,D
2008-004,2008,4,,LAND,2008-09-08 12:00:00,2008-10-08 09:00:00,3,25.0,988.0,D
2008-005,2008,5,,BOB,2008-09-15 12:00:00,2008-09-19 09:00:00,18,30.0,986.0,DD
2008-006,2008,6,,ARB,2008-10-19 09:00:00,2008-10-22 12:00:00,8,30.0,1000.0,DD
2008-007,2008,7,RASHMI,BOB,2008-10-25 03:00:00,2008-10-27 03:00:00,13,45.0,984.0,CS
2008-008,2008,8,KHAIMUK,BOB,2008-11-13 12:00:00,2008-11-16 03:00:00,20,40.0,994.0,CS
2008-009,2008,9,NISHA,BOB,2008-11-25 09:00:00,2008-11-27 12:00:00,17,45.0,996.0,CS
2008-010,2008,10,,BOB,2008-04-12 03:00:00,2008-07-12 12:00:00,17,30.0,1004.0,DD
2009-001,2009,1,BIJLI,BOB,2009-04-14 09:00:00,2009-04-17 15:00:00,24,40.0,996.0,CS
2009-002,2009,2,AILA,BOB,2009-05-23 06:00:00,2009-05-26 06:00:00,22,60.0,968.0,SCS
2009-003,2009,3,,ARB,2009-06-23 00:00:00,2009-06-24 00:00:00,7,25.0,998.0,D
2009-004,2009,4,,ARB,2009-06-25 09:00:00,2009-06-25 18:00:00,3,25.0,996.0,D
2009-005,2009,5,,BOB,2009-07-20 03:00:00,2009-07-21 06:00:00,7,30.0,988.0,DD
2009-006,2009,6,,BOB,2009-05-09 00:00:00,2009-07-09 09:00:00,14,30.0,988.0,DD
2009-007,2009,7,PHYAN,ARB,2009-09-11 09:00:00,2009-11-11 18:00:00,16,45.0,988.0,CS
2009-008,2009,8,WARD,BOB,2009-10-12 09:00:00,2009-12-15 00:00:00,30,45.0,996.0,CS
2010-001,2010,1,LAILA,BOB,2010-05-17 06:00:00,2010-05-21 06:00:00,30,55.0,986.0,SCS
2010-002,2010,2,BANDU,ARB,2010-05-19 09:00:00,2010-05-22 18:00:00,25,40.0,994.0,CS
2010-003,2010,3,PHET,ARB,2010-05-31 06:00:00,2010-06-07 06:00:00,53,85.0,964.0,VSCS
2010-004,2010,4,,BOB,2010-10-07 03:00:00,2010-10-08 18:00:00,9,25.0,996.0,D
2010-005,2010,5,,BOB,2010-10-13 06:00:00,2010-10-16 00:00:00,14,30.0,995.0,DD
2010-006,2010,6,GIRI,BOB,2010-10-20 12:00:00,2010-10-23 06:00:00,21,105.0,950.0,ESCS
2010-007,2010,7,JAL,BOB,2010-11-04 00:00:00,2010-11-08 03:00:00,30,60.0,988.0,SCS
2010-008,2010,8,,BOB,2010-12-07 03:00:00,2010-12-08 00:00:00,5,25.0,1000.0,D
2011-001,2011,1,,BOB,2011-02-02 09:00:00,2011-02-02 18:00:00,3,25.0,1002.0,D
2011-002,2011,2,,ARB,2011-06-11 12:00:00,2011-06-12 06:00:00,5,25.0,996.0,D
2011-003,2011,3,,BOB,2011-06-16 03:00:00,2011-06-22 18:00:00,34,35.0,978.0,DD
2011-004,2011,4,,LAND,2011-07-22 00:00:00,2011-07-23 00:00:00,6,20.0,990.0,D
2011-005,2011,5,,BOB,2011-09-22 03:00:00,2011-09-23 06:00:00,7,25.0,995.0,D
2011-006,2011,6,,BOB,2011-10-19 00:00:00,2011-10-20 00:00:00,6,30.0,1002.0,DD
2011-007,2011,7,KEILA,ARB,2011-10-29 00:00:00,2011-11-04 03:00:00,32,35.0,996.0,CS
2011-008,2011,8,,ARB,2011-11-06 00:00:00,2011-11-10 03:00:00,20,30.0,1000.0,DD
2011-009,2011,9,,ARB,2011-11-26 03:00:00,2011-12-01 03:00:00,26,30.0,998.0,DD
2011-010,2011,10,THANE,BOB,2011-12-25 12:00:00,2011-12-30 12:00:00,36,75.0,969.0,VSCS
2012-001,2012,1,,BOB,2012-10-10 12:00:00,2012-10-11 03:00:00,5,30.0,1002.0,DD
2012-002,2012,2,MURJAN,ARB,2012-10-22 21:00:00,2012-10-26 03:00:00,14,40.0,998.0,CS
2012-003,2012,3,NILAM,BOB,2012-10-28 06:00:00,2012-11-01 18:00:00,28,45.0,987.0,CS
2012-004,2012,4,,BOB,2012-11-17 06:00:00,2012-11-19 12:00:00,13,30.0,1002.0,DD
2012-005,2012,5,,ARB,2012-12-22 06:00:00,2012-12-24 12:00:00,8,30.0,1002.0,DD
2013-001,2013,1,VIYARU,BOB,2013-05-10 09:00:00,2013-05-16 18:00:00,49,45.0,990.0,CS
2013-002,2013,2,,BOB,2013-05-29 03:00:00,2013-05-31 09:00:00,15,25.0,990.0,D
2013-003,2013,3,,BOB,2013-07-30 03:00:00,2013-08-01 00:00:00,9,25.0,990.0,D
2013-004,2013,4,,BOB,2013-08-20 00:00:00,2013-08-23 00:00:00,15,25.0,990.0,D
2013-005,2013,5,PHAILIN,BOB,2013-10-08 03:00:00,2013-10-14 06:00:00,45,115.0,940.0,ESCS
2013-006,2013,6,,ARB,2013-11-08 06:00:00,2013-11-11 06:00:00,16,30.0,1002.0,DD
2013-007,2013,7,,BOB,2013-11-13 00:00:00,2013-11-16 18:00:00,21,25.0,1003.0,D
2013-008,2013,8,HELEN,BOB,2013-11-19 00:00:00,2013-11-22 18:00:00,28,55.0,990.0,SCS
2013-009,2013,9,LEHAR,BOB,2013-11-23 12:00:00,2013-11-28 12:00:00,38,75.0,980.0,VSCS
2013-010,2013,10,MADI,BOB,2013-12-06 03:00:00,2013-12-12 18:00:00,48,65.0,986.0,VSCS
2014-001,2014,1,,BOB,2014-01-04 03:00:00,2014-01-07 00:00:00,14,25.0,1004.0,D
2014-002,2014,2,,BOB,2014-05-21 03:00:00,2014-05-23 00:00:00,10,25.0,1000.0,D
2014-003,2014,3,NANAUK,ARB,2014-06-10 09:00:00,2014-06-14 00:00:00,26,45.0,986.0,CS
2014-004,2014,4,,LAND,2014-07-21 03:00:00,2014-07-23 06:00:00,12,25.0,988.0,D
2014-005,2014,5,,BOB,2014-08-03 12:00:00,2014-08-06 18:00:00,18,30.0,988.0,DD
2014-006,2014,6,HUDHUD,BOB,2014-10-07 03:00:00,2014-10-14 09:00:00,53,100.0,950.0,ESCS
2014-007,2014,7,NILOFAR,ARB,2014-10-25 00:00:00,2014-10-31 00:00:00,45,110.0,950.0,ESCS
2014-008,2014,8,,BOB,2014-11-05 09:00:00,2014-11-08 00:00:00,14,30.0,998.0,DD
2015-001,2015,1,ASHOBAA,ARB,2015-06-07 03:00:00,2015-06-12 06:00:00,38,45.0,990.0,CS
2015-002,2015,2,,BOB,2015-06-20 03:00:00,2015-06-21 18:00:00,9,25.0,990.0,D
2015-003,2015,3,,ARB,2015-06-22 00:00:00,2015-06-24 18:00:00,14,30.0,988.0,DD
2015-004,2015,4,,LAND,2015-07-10 03:00:00,2015-07-12 09:00:00,19,25.0,994.0,D
2015-005,2015,5,,LAND,2015-07-27 12:00:00,2015-07-30 00:00:00,21,30.0,994.0,DD
2015-006,2015,6,KOMEN,BOB,2015-07-26 00:00:00,2015-08-02 09:00:00,42,40.0,986.0,CS
2015-007,2015,7,,LAND,2015-08-04 03:00:00,2015-08-04 18:00:00,5,25.0,998.0,D
2015-008,2015,8,,LAND,2015-09-16 03:00:00,2015-09-19 00:00:00,24,30.0,996.0,DD
2015-009,2015,9,,ARB,2015-10-09 00:00:00,2015-10-12 00:00:00,16,30.0,1000.0,DD
2015-010,2015,10,CHAPALA,ARB,2015-10-28 03:00:00,2015-11-04 00:00:00,52,115.0,940.0,ESCS
2015-011,2015,11,MEGH,ARB,2015-11-05 00:00:00,2015-11-10 12:00:00,43,95.0,964.0,ESCS
2015-012,2015,12,,BOB,2015-11-08 03:00:00,2015-11-10 03:00:00,11,30.0,996.0,DD
2016-001,2016,1,ROANU,BOB,2016-05-17 03:00:00,2016-05-22 00:00:00,32,45.0,983.0,CS
2016-002,2016,2,,ARB,2016-06-27 09:00:00,2016-06-29 00:00:00,9,25.0,996.0,D
2016-003,2016,3,,LAND,2016-07-06 03:00:00,2016-07-07 00:00:00,5,25.0,996.0,D
2016-004,2016,4,,LAND,2016-08-09 09:00:00,2016-08-12 18:00:00,18,30.0,994.0,DD
2016-005,2016,5,,BOB,2016-08-16 00:00:00,2016-08-20 18:00:00,22,25.0,994.0,DD
2016-006,2016,6,KYANT,BOB,2016-10-21 00:00:00,2016-10-27 18:00:00,41,40.0,996.0,CS
2016-007,2016,7,,BOB,2016-11-02 18:00:00,2016-11-06 09:00:00,20,25.0,1000.0,D
2016-008,2016,8,NADA,BOB,2016-11-29 12:00:00,2016-12-02 00:00:00,16,40.0,25.0,CS
2016-009,2016,9,VARDAH,BOB,2016-12-06 09:00:00,2016-12-13 00:00:00,48,70.0,975.0,VSCS
2016-010,2016,10,,ARB,2016-12-17 03:00:00,2016-12-18 03:00:00,6,25.0,994.0,D
2017-001,2017,1,MAARUTHA,BOB,2017-04-15 00:00:00,2017-04-17 00:00:00,16,40.0,996.0,CS
2017-002,2017,2,MORA,BOB,2017-05-28 00:00:00,2017-05-30 18:00:00,22,60.0,978.0,SCS
2017-003,2017,3,,BOB,2017-06-11 12:00:00,2017-06-12 18:00:00,7,30.0,988.0,DD
2017-004,2017,4,,BOB,2017-07-18 00:00:00,2017-07-19 00:00:00,6,25.0,992.0,D
2017-005,2017,5,,LAND,2017-07-26 00:00:00,2017-07-27 00:00:00,6,25.0,993.0,D
2017-006,2017,6,,BOB,2017-09-10 00:00:00,2017-10-10 06:00:00,8,30.0,996.0,DD
2017-007,2017,7,,BOB,2017-10-19 00:00:00,2017-10-21 18:00:00,15,25.0,997.0,D
2017-008,2017,8,,BOB,2017-11-15 03:00:00,2017-11-17 03:00:00,11,25.0,1001.0,D
2017-009,2017,9,OCKHI,BOB,2017-11-29 03:00:00,2017-12-05 18:00:00,52,85.0,976.0,VSCS
2017-010,2017,10,,BOB,2017-06-12 03:00:00,2017-09-12 06:00:00,17,30.0,1002.0,DD
2018-001,2018,1,,ARB,2018-03-13 03:00:00,2018-03-14 18:00:00,9,25.0,1006.0,D
2018-002,2018,2,SAGAR,ARB,2018-05-16 12:00:00,2018-05-20 00:00:00,25,45.0,994.0,CS
2018-003,2018,3,MEKUNU,ARB,2018-05-21 12:00:00,2018-05-27 00:00:00,41,95.0,960.0,ESCS
2018-004,2018,4,,BOB,2018-05-29 06:00:00,2018-05-30 03:00:00,5,30.0,992.0,DD
2018-005,2018,5,,BOB,2018-06-10 06:00:00,2018-06-10 18:00:00,3,25.0,988.0,D
2018-006,2018,6,,BOB,2018-07-21 03:00:00,2018-07-23 00:00:00,11,30.0,988.0,DD
2018-007,2018,7,,BOB,2018-08-07 09:00:00,2018-08-08 00:00:00,4,25.0,992.0,D
2018-008,2018,8,,LAND,2018-08-15 03:00:00,2018-08-17 00:00:00,10,25.0,993.0,D
2018-009,2018,9,,BOB,2018-09-06 00:00:00,2018-09-07 03:00:00,7,30.0,990.0,DD
2018-010,2018,10,DAYE,BOB,2018-09-19 15:00:00,2018-09-22 06:00:00,17,35.0,992.0,CS
2018-011,2018,11,LUBAN,ARB,2018-10-06 09:00:00,2018-12-10 21:00:00,64,75.0,978.0,VSCS
2018-012,2018,12,TITLI,BOB,2018-10-08 03:00:00,2018-10-12 21:00:00,34,80.0,972.0,VSCS
2018-013,2018,13,GAJA,BOB,2018-11-10 00:00:00,2018-11-19 12:00:00,63,70.0,976.0,VSCS
2018-014,2018,14,PHETHAI,BOB,2018-12-13 00:00:00,2018-12-17 18:00:00,32,55.0,992.0,SCS
2019-001,2019,1,PABUK,BOB,2019-01-04 12:00:00,2019-01-07 18:00:00,22,45.0,998.0,CS
2019-002,2019,2,FANI,BOB,2019-04-26 03:00:00,2019-05-04 12:00:00,64,115.0,932.0,ESCS
2019-003,2019,3,VAYU,ARB,2019-06-10 00:00:00,2019-06-17 12:00:00,59,80.0,970.0,VSCS
2019-004,2019,4,,BOB,2019-08-06 03:00:00,2019-08-09 06:00:00,17,30.0,988.0,DD
2019-005,2019,5,HIKKA,ARB,2019-09-22 03:00:00,2019-09-25 06:00:00,23,75.0,978.0,VSCS
2019-006,2019,6,,LAND,2019-09-29 12:00:00,2019-10-01 00:00:00,8,25.0,1002.0,D
2019-007,2019,7,KYAAR,ARB,2019-10-24 03:00:00,2019-11-02 15:00:00,74,130.0,922.0,SuCS
2019-008,2019,8,MAHA,ARB,2019-10-30 00:00:00,2019-11-07 09:00:00,68,100.0,956.0,ESCS
2019-009,2019,9,BULBUL,BOB,2019-11-05 00:00:00,2019-11-11 00:00:00,41,75.0,976.0,VSCS
2019-010,2019,10,PAWAN,ARB,2019-12-02 12:00:00,2019-12-07 09:00:00,32,40.0,998.0,CS
2019-011,2019,11,,ARB,2019-12-03 18:00:00,2019-12-05 06:00:00,9,30.0,1000.0,DD
2019-012,2019,12,,ARB,2019-12-08 09:00:00,2019-12-10 03:00:00,10,30.0,1000.0,DD
2020-001,2020,1,AMPHAN,BOB,2020-05-16 00:00:00,2020-05-21 12:00:00,44,130.0,920.0,SuCS
2020-002,2020,2,,ARB,2020-05-29 09:00:00,2020-05-31 18:00:00,13,25.0,1000.0,D
2020-003,2020,3,NISARGA,ARB,2020-06-01 00:00:00,2020-06-04 06:00:00,23,60.0,984.0,SCS
2020-004,2020,4,,BOB,2020-10-11 00:00:00,2020-10-14 06:00:00,18,30.0,996.0,DD
2020-005,2020,5,,ARB,2020-10-17 03:00:00,2020-10-18 18:00:00,9,25.0,1003.0,D
2020-006,2020,6,,BOB,2020-10-22 03:00:00,2020-10-23 18:00:00,10,25.0,998.0,D
2020-007,2020,7,NIVAR,BOB,2020-11-22 21:00:00,2020-11-26 18:00:00,28,65.0,982.0,VSCS
2020-008,2020,8,GATI,ARB,2020-11-21 18:00:00,2020-11-24 03:00:00,16,75.0,976.0,VSCS
2020-009,2020,9,BUREVI,BOB,2020-11-30 00:00:00,2020-12-05 03:00:00,35,45.0,996.0,CS
2021-001,2021,1,,BOB,2021-04-02 00:00:00,2021-04-03 03:00:00,7,25.0,1000.0,D
2021-002,2021,2,TAUKTAE,ARB,2021-05-14 03:00:00,2021-05-19 06:00:00,40,100.0,950.0,ESCS
2021-003,2021,3,YAAS,BOB,2021-05-23 06:00:00,2021-05-27 18:00:00,31,75.0,970.0,VSCS
2021-004,2021,4,,BOB,2021-09-12 12:00:00,2021-09-14 18:00:00,12,30.0,990.0,DD
2021-005,2021,5,GULAB,BOB,2021-09-24 12:00:00,2021-09-28 03:00:00,24,45.0,992.0,CS
2021-006,2021,6,SHAHEEN,ARB,2021-09-30 00:00:00,2021-10-04 06:00:00,32,60.0,984.0,SCS
2021-007,2021,7,,ARB,2021-10-07 03:00:00,2021-10-08 18:00:00,9,25.0,1002.0,D
2021-008,2021,8,,BOB,2021-11-10 12:00:00,2021-11-11 18:00:00,7,25.0,1000.0,D
2021-009,2021,9,,BOB,2021-11-18 03:00:00,2021-11-19 03:00:00,6,25.0,1000.0,D
2021-010,2021,10,JAWAD,BOB,2021-12-02 12:00:00,2021-12-05 18:00:00,22,40.0,1000.0,CS
2022-001,2022,1,,BOB,2022-03-03 00:00:00,2022-03-06 00:00:00,16,30.0,1002.0,DD
2022-002,2022,2,,BOB,2022-03-20 00:00:00,2022-03-23 00:00:00,17,30.0,1000.0,DD
2022-003,2022,3,ASANI,BOB,2022-05-07 06:00:00,2022-05-12 00:00:00,35,55.0,982.0,SCS
2022-004,2022,4,,BOB,2022-05-20 03:00:00,2022-05-20 18:00:00,5,25.0,998.0,D
2022-005,2022,5,,ARB,2022-07-16 03:00:00,2022-07-17 18:00:00,9,25.0,992.0,D
2022-006,2022,6,,LAND,2022-08-09 03:00:00,2022-08-09 18:00:00,4,25.0,990.0,D
2022-007,2022,7,,ARB,2022-08-12 03:00:00,2022-08-13 06:00:00,7,25.0,990.0,D
2022-008,2022,8,,BOB,2022-08-14 03:00:00,2022-08-16 06:00:00,12,25.0,994.0,D
2022-009,2022,9,,BOB,2022-08-19 00:00:00,2022-08-23 00:00:00,22,30.0,992.0,DD
2022-010,2022,10,,LAND,2022-09-11 00:00:00,2022-09-12 00:00:00,6,25.0,998.0,D
2022-011,2022,11,SITRANG,BOB,2022-10-22 03:00:00,2022-10-25 00:00:00,20,45.0,996.0,CS
2022-012,2022,12,,BOB,2022-11-20 00:00:00,2022-11-22 00:00:00,11,25.0,1003.0,D
2022-013,2022,13,MANDOUS,BOB,2022-12-06 12:00:00,2022-12-10 06:00:00,27,50.0,990.0,SCS
2022-014,2022,14,,ARB,2022-12-14 09:00:00,2022-12-17 06:00:00,16,30.0,1000.0,DD
2022-015,2022,15,,BOB,2022-12-22 03:00:00,2022-12-25 06:00:00,17,25.0,1004.0,D
2023-001,2023,1,,BOB,2023-01-30 03:00:00,2023-02-02 12:00:00,18,25.0,1004.0,D
2023-002,2023,2,MOCHA,BOB,2023-05-09 12:00:00,2023-05-15 00:00:00,40,115.0,938.0,ESCS
2023-003,2023,3,BIPARJOY,ARB,2023-06-06 00:00:00,2023-06-19 00:00:00,97,90.0,958.0,ESCS
2023-004,2023,4,,BOB,2023-08-01 00:00:00,2023-08-03 06:00:00,13,30.0,988.0,DD
2023-005,2023,5,,ARB,2023-09-30 03:00:00,2023-10-01 00:00:00,5,25.0,1002.0,D
2023-006,2023,6,TEJ,ARB,2023-10-20 03:00:00,2023-10-24 12:00:00,33,95.0,964.0,ESCS
2023-007,2023,7,HAMOON,BOB,2023-10-21 18:00:00,2023-10-25 21:00:00,29,65.0,984.0,VSCS
2023-008,2023,8,MIDHILI,BOB,2023-11-15 03:00:00,2023-11-18 00:00:00,17,50.0,996.0,SCS
2023-009,2023,9,MICHAUNG,BOB,2023-12-01 00:00:00,2023-12-06 00:00:00,34,55.0,986.0,SCS
2024-001,2024,1,REMAL,BOB,2024-05-24 00:00:00,2024-05-28 06:00:00,30,60.0,978.0,SCS
2024-002,2024,2,,BOB,2024-07-19 03:00:00,2024-07-20 06:00:00,7,25.0,990.0,D
2024-003,2024,3,,LAND,2024-08-02 12:00:00,2024-08-05 18:00:00,17,30.0,988.0,DD
2024-004,2024,4,ASNA,LAND,2024-08-25 00:00:00,2024-09-02 03:00:00,49,40.0,990.0,CS
2024-005,2024,5,,BOB,2024-08-31 00:00:00,2024-09-02 06:00:00,13,25.0,996.0,D
2024-006,2024,6,,BOB,2024-09-08 00:00:00,2024-09-10 06:00:00,13,30.0,991.0,DD
2024-007,2024,7,,LAND,2024-09-11 03:00:00,2024-09-13 00:00:00,10,25.0,994.0,D
2024-008,2024,8,,BOB,2024-09-13 12:00:00,2024-09-17 18:00:00,22,30.0,989.0,DD
2024-009,2024,9,,ARB,2024-10-13 12:00:00,2024-10-15 12:00:00,11,25.0,1001.0,D
2024-010,2024,10,,BOB,2024-10-15 12:00:00,2024-10-16 18:00:00,7,25.0,1000.0,D
2024-011,2024,11,DANA,BOB,2024-10-22 00:00:00,2024-10-25 18:00:00,27,60.0,986.0,SCS
2024-012,2024,12,FENGAL,BOB,2024-11-25 03:00:00,2024-12-01 18:00:00,40,45.0,996.0,CS
2024-013,2024,13,,BOB,2024-12-20 12:00:00,2024-12-21 06:00:00,5,25.0,1002.0,D
2025-001,2025,1,,ARB,2025-05-24 00:00:00,2025-05-24 18:00:00,5,25.0,998.0,D
2025-002,2025,2,,BOB,2025-05-29 00:00:00,2025-05-30 06:00:00,8,30.0,986.0,DD
2025-003,2025,3,,LAND,2025-07-14 06:00:00,2025-07-15 00:00:00,4,20.0,996.0,D
2025-004,2025,4,,LAND,2025-07-15 03:00:00,2025-07-15 18:00:00,4,20.0,993.0,D
2025-005,2025,5,,LAND,2025-07-17 00:00:00,2025-07-19 18:00:00,15,25.0,993.0,D
2025-006,2025,6,,BOB,2025-07-25 00:00:00,2025-07-26 18:00:00,10,25.0,988.0,D
2025-007,2025,7,,BOB,2025-08-18 12:00:00,2025-08-19 06:00:00,5,20.0,996.0,D
2025-008,2025,8,,LAND,2025-09-06 18:00:00,2025-09-10 18:00:00,21,30.0,995.0,DD
2025-009,2025,9,,BOB,2025-09-26 12:00:00,2025-09-28 00:00:00,8,25.0,998.0,D
2025-010,2025,10,,BOB,2025-10-01 06:00:00,2025-10-03 06:00:00,11,30.0,995.0,DD
2025-011,2025,11,SHAKHTI,ARB,2025-10-01 12:00:00,2025-10-07 06:00:00,41,60.0,986.0,SCS
2025-012,2025,12,,ARB,2025-10-22 00:00:00,2025-10-31 18:00:00,50,25.0,1000.0,D
2025-013,2025,13,MONTHA,BOB,2025-10-25 00:00:00,2025-10-29 18:00:00,32,50.0,990.0,SCS
2025-014,2025,14,SENYAR,BOB,2025-11-25 03:00:00,2025-11-27 15:00:00,17,40.0,999.0,CS
2025-015,2025,15,DITWAH,BOB,2025-11-26 18:00:00,2025-12-02 18:00:00,41,40.0,1000.0,CS
2026-001,2026,1,,BOB,2026-01-07 03:00:00,2026-01-10 12:00:00,18,30.0,1004.0,DD
